0.0 - 2.9,3.0 - 4.9,5.0 - 6.9,7.0 - 8.9,9.0 - 10.0,Final Score
Understanding of the Company and Professional Practice,Shows little understanding of the company or the student's role.,Shows a basic understanding of the company and the student's role.,Shows a good basic understanding of the company and professional practice.,"Clearly connects the internship, the company and the student's role.",Shows a strong and detailed understanding of the company and professional practice.,
Professional and Technical Application,Shows little use of relevant technical or analytical skills.,"Shows some use of relevant skills, but connections to theory are limited.",Uses relevant technical skills and connects some work to theory.,Clearly applies relevant technical skills and theory to practical work.,"Strongly connects technical skills, theory and practical work with clear examples.",
Problem-Solving and Professional Reflection,Mainly describes tasks without meaningful problem-solving or reflection.,"Identifies some problems, but solutions and reflection are limited.",Identifies problems and gives reasonable solutions with some reflection.,"Clearly analyses problems, solutions and the choices made.",Shows strong and thoughtful problem-solving with well-supported reflections.,
Personal and Professional Development (DARE),Shows little reflection on personal or professional development.,"Mentions some learning or challenges, but reflection is limited.","Reflects on learning, development and areas for improvement.","Clearly shows initiative, learning and development through practical experience.","Shows strong and thoughtful development, initiative and learning from challenges.",
Collaboration and Knowledge Sharing (SHARE),Shows little evidence of collaboration or knowledge sharing.,"Describes some collaboration, but reflection is limited.",Shows good participation in teamwork and some knowledge sharing.,"Clearly shows active collaboration, communication and knowledge sharing.",Shows strong collaboration and meaningful contributions to the team.,
Professional Responsibility(CARE),Shows little awareness of professional responsibility.,"Shows some awareness, but reflection is limited.",Shows a good understanding of professional responsibility and own role.,"Clearly reflects on responsibility, relationships and own actions.",Shows strong and thoughtful reflection on responsibility and professional behaviour.,
Formal Requirements and Report Structure,Many requirements are missing or not followed.,Some requirements are missing or not followed.,Most requirements are met and the report is easy to follow.,Requirements are met and the report is well structured and focused.,"All requirements are met and the report is very clear, focused and well structured.",
score_range,level,description,
"0.0-2.9","Very Limited","The criterion is met to a very limited extent, or the student fails to provide substantial evidence needed for grading.",
"3.0-4.9","Low","The criterion is partially met, while documentation, reflection, or other important grading criteria have not been met with sufficient confidence or valid arguments.",
"5.0-6.9","Acceptable","The criterion is met at an acceptable level, but the student could have provided greater content or content at a higher level given the learning objectives and criteria.",
"7.0-8.9","Good","The criterion is met at a more than satisfactory level. The student demonstrates relevant analysis, reflection, and documentation in a professional manner.",
"9.0-10.0","Very High","The criterion is met at a substantially high level. The student demonstrates clear documentation and understanding of the learning objectives at a very high level and presents their progress and professional development in a clear and valid manner."